operation_id,operation_name,operation_type,operation_modified_status,operation_modified_value
0,Type-1-test-0,1,0,1
1,Type-1-test-1,1,0,2
2,Type-1-test-2,1,1,1
3,Type-1-test-3,1,1,2
4,Type-1-test-4,1,2,1
5,Type-1-test-5,1,2,2
6,Type-1-test-6,1,3,1
7,Type-1-test-7,1,3,2
8,Type-1-test-8,1,4,1
9,Type-1-test-9,1,4,2
10,Type-1-test-10,1,5,1
11,Type-1-test-11,1,5,2
12,Type-1-test-12,1,6,1
13,Type-1-test-13,1,6,2
14,Type-1-test-14,1,7,1
15,Type-1-test-15,1,7,2
16,Type-1-test-16,1,8,1
17,Type-1-test-17,1,8,2
18,Type-1-test-18,1,9,1
19,Type-1-test-19,1,9,2
20,Type-1-test-20,1,10,1
21,Type-1-test-21,1,10,2
22,Type-1-test-22,1,11,1
23,Type-1-test-23,1,11,2
24,Type-1-test-24,1,12,1
25,Type-1-test-25,1,12,2
26,Type-1-test-26,1,13,1
27,Type-1-test-27,1,13,2
28,Type-1-test-28,1,14,1
29,Type-1-test-29,1,14,2
30,Type-1-test-30,1,15,1
31,Type-1-test-31,1,15,2
32,Type-1-test-32,1,16,1
33,Type-1-test-33,1,16,2
34,Type-1-test-34,1,17,1
35,Type-1-test-35,1,17,2
36,Type-1-test-36,1,18,1
37,Type-1-test-37,1,18,2
38,Type-2-test-0,2,0,1
39,Type-2-test-1,2,0,2
40,Type-2-test-2,2,1,1
41,Type-2-test-3,2,1,2
42,Type-2-test-4,2,2,1
43,Type-2-test-5,2,2,2
44,Type-2-test-6,2,3,1
45,Type-2-test-7,2,3,2
46,Type-2-test-8,2,4,1
47,Type-2-test-9,2,4,2
48,Type-2-test-10,2,5,1
49,Type-2-test-11,2,5,2
50,Type-2-test-12,2,6,1
51,Type-2-test-13,2,6,2
52,Type-2-test-14,2,7,1
53,Type-2-test-15,2,7,2
54,Type-2-test-16,2,8,1
55,Type-2-test-17,2,8,2
56,Type-2-test-18,2,9,1
57,Type-2-test-19,2,9,2
58,Type-2-test-20,2,10,1
59,Type-2-test-21,2,10,2
60,Type-2-test-22,2,11,1
61,Type-2-test-23,2,11,2
62,Type-2-test-24,2,12,1
63,Type-2-test-25,2,12,2
64,Type-2-test-26,2,13,1
65,Type-2-test-27,2,13,2
66,Type-2-test-28,2,14,1
67,Type-2-test-29,2,14,2
68,Type-2-test-30,2,15,1
69,Type-2-test-31,2,15,2
70,Type-2-test-32,2,16,1
71,Type-2-test-33,2,16,2
72,Type-2-test-34,2,17,1
73,Type-2-test-35,2,17,2
74,Type-2-test-36,2,18,1
75,Type-2-test-37,2,18,2
76,Type-2-test-38,2,19,1
77,Type-2-test-39,2,19,2
78,Type-2-test-40,2,20,1
79,Type-2-test-41,2,20,2
80,Type-2-test-42,2,21,1
81,Type-2-test-43,2,21,2
82,Type-2-test-44,2,22,1
83,Type-2-test-45,2,22,2
84,Type-2-test-46,2,23,1
85,Type-2-test-47,2,23,2
86,Type-2-test-48,2,24,1
87,Type-2-test-49,2,24,2
88,Type-2-test-50,2,25,1
89,Type-2-test-51,2,25,2
90,Type-2-test-52,2,26,1
91,Type-2-test-53,2,26,2
92,Type-2-test-54,2,27,1
93,Type-2-test-55,2,27,2
94,Type-2-test-56,2,28,1
95,Type-2-test-57,2,28,2
96,Type-2-test-58,2,29,1
97,Type-2-test-59,2,29,2
98,Type-2-test-60,2,30,1
99,Type-2-test-61,2,30,2
100,Type-2-test-62,2,31,1
101,Type-2-test-63,2,31,2
102,Type-2-test-64,2,32,1
103,Type-2-test-65,2,32,2
104,Type-2-test-66,2,33,1
105,Type-2-test-67,2,33,2
106,Type-2-test-68,2,34,1
107,Type-2-test-69,2,34,2
108,Type-2-test-70,2,35,1
109,Type-2-test-71,2,35,2
110,Type-2-test-72,2,36,1
111,Type-2-test-73,2,36,2
112,Type-2-test-74,2,37,1
113,Type-2-test-75,2,37,2
114,Type-2-test-76,2,38,1
115,Type-2-test-77,2,38,2
116,Type-2-test-78,2,39,1
117,Type-2-test-79,2,39,2
118,Type-2-test-80,2,40,1
119,Type-2-test-81,2,40,2
120,Type-2-test-82,2,41,1
121,Type-2-test-83,2,41,2
